{
"lengthUnit": "mil",
"remark": [],
"components": {
	"fields": ["COMPONENT_NO", "COMPONENT_NAME", "LAYER", "X_COORDINATE", "Y_COORDINATE", "ANGLE"],
	"rows": [
		[1, "C3", "T", 4904.2499, -3183.1876, 0],
		[2, "C4", "T", 4905, -3445, 0],
		[3, "H3", "T", 4710, -3305, 270],
		[4, "SMA1", "T", 6000, -3295, 0],
		[5, "U2", "T", 5485, -3295, 90],
		[6, "PAD1", "T", 4842.7342, -3183.1876, 0],
		[7, "PAD2", "T", 4965.7656, -3183.1876, 0],
		[8, "PAD3", "T", 4843.4843, -3445, 0],
		[9, "PAD4", "T", 4966.5157, -3445, 0],
		[10, "PAD5", "T", 4710, -2955, 0],
		[11, "PAD5", "B", 4710, -2955, 0],
		[12, "PAD6", "T", 4710, -3055, 0],
		[13, "PAD6", "B", 4710, -3055, 0],
		[14, "PAD7", "T", 4710, -3155, 0],
		[15, "PAD7", "B", 4710, -3155, 0],
		[16, "PAD8", "T", 4710, -3255, 0],
		[17, "PAD8", "B", 4710, -3255, 0],
		[18, "PAD9", "T", 4710, -3355, 0],
		[19, "PAD9", "B", 4710, -3355, 0],
		[20, "PAD10", "T", 4710, -3455, 0],
		[21, "PAD10", "B", 4710, -3455, 0],
		[22, "PAD11", "T", 4710, -3555, 0],
		[23, "PAD11", "B", 4710, -3555, 0],
		[24, "PAD12", "T", 4710, -3655, 0],
		[25, "PAD12", "B", 4710, -3655, 0],
		[26, "PAD13", "B", 6000.004, -3194.605, 0],
		[27, "PAD14", "T", 6000.004, -3294.995, 0],
		[28, "PAD15", "T", 5250.355, -3025.315, 0],
		[29, "PAD16", "T", 5150.355, -3564.685, 0],
		[30, "PAD17", "T", 5250.355, -3564.685, 0],
		[31, "PAD18", "T", 5300.355, -3564.685, 0],
		[32, "PAD19", "T", 5350.355, -3564.685, 0],
		[33, "PAD20", "T", 5400.355, -3564.685, 0],
		[34, "PAD21", "T", 5450.355, -3564.685, 0],
		[35, "PAD22", "T", 5500.355, -3564.685, 0],
		[36, "PAD23", "T", 5769.645, -3564.685, 0],
		[37, "PAD24", "T", 5819.645, -3564.685, 0]
	]
},
"pins": {
	"fields": ["PIN_NO", "PIN_NAME", "PIN_X", "PIN_Y", "LAYER", "PIN_TYPE", "NET_NAME", "NET_TYPE", "PAD_SHAPE", "PAD_SIZEX", "PAD_SIZEY", "HOLE_SIZE", "HOLE_LEN", "PAD_ANGLE"],
	"rows": [
		[1, "C3_1", 4842.7342, -3183.1876, "T", "SMD", "GND", "GND", "R", 52.1653, 106.2992, 0, 0, 0],
		[2, "C3_2", 4965.7656, -3183.1876, "T", "SMD", "3V3", "", "R", 52.1653, 106.2992, 0, 0, 0],
		[3, "C4_1", 4843.4843, -3445, "T", "SMD", "GND", "GND", "R", 52.1653, 106.2992, 0, 0, 0],
		[4, "C4_2", 4966.5157, -3445, "T", "SMD", "3V3", "", "R", 52.1653, 106.2992, 0, 0, 0],
		[5, "H3_1", 4710, -2955, "T", "DIP", "GND", "GND", "R", 59.055, 59.055, 39.37, 39.37, 270],
		[6, "H3_1", 4710, -2955, "B", "DIP", "GND", "GND", "R", 59.055, 59.055, 39.37, 39.37, 270],
		[7, "H3_2", 4710, -3055, "T", "DIP", "3V3", "", "C", 59.055, 59.055, 39.37, 39.37, 270],
		[8, "H3_2", 4710, -3055, "B", "DIP", "3V3", "", "C", 59.055, 59.055, 39.37, 39.37, 270],
		[9, "H3_3", 4710, -3155, "T", "DIP", "MOSI", "", "C", 59.055, 59.055, 39.37, 39.37, 270],
		[10, "H3_3", 4710, -3155, "B", "DIP", "MOSI", "", "C", 59.055, 59.055, 39.37, 39.37, 270],
		[11, "H3_4", 4710, -3255, "T", "DIP", "SCLK", "", "C", 59.055, 59.055, 39.37, 39.37, 270],
		[12, "H3_4", 4710, -3255, "B", "DIP", "SCLK", "", "C", 59.055, 59.055, 39.37, 39.37, 270],
		[13, "H3_5", 4710, -3355, "T", "DIP", "MISO", "", "C", 59.055, 59.055, 39.37, 39.37, 270],
		[14, "H3_5", 4710, -3355, "B", "DIP", "MISO", "", "C", 59.055, 59.055, 39.37, 39.37, 270],
		[15, "H3_6", 4710, -3455, "T", "DIP", "CSN", "", "C", 59.055, 59.055, 39.37, 39.37, 270],
		[16, "H3_6", 4710, -3455, "B", "DIP", "CSN", "", "C", 59.055, 59.055, 39.37, 39.37, 270],
		[17, "H3_7", 4710, -3555, "T", "DIP", "GDO0", "", "C", 59.055, 59.055, 39.37, 39.37, 270],
		[18, "H3_7", 4710, -3555, "B", "DIP", "GDO0", "", "C", 59.055, 59.055, 39.37, 39.37, 270],
		[19, "H3_8", 4710, -3655, "T", "DIP", "GDO2", "", "C", 59.055, 59.055, 39.37, 39.37, 270],
		[20, "H3_8", 4710, -3655, "B", "DIP", "GDO2", "", "C", 59.055, 59.055, 39.37, 39.37, 270],
		[21, "SMA1_1", 6000.004, -3395.385, "T", "SMD", "NET_1", "", "R", 188.976, 47.244, 0, 0, 0],
		[22, "SMA1_2", 6000.004, -3194.605, "T", "SMD", "NET_2", "", "R", 188.976, 47.244, 0, 0, 0],
		[23, "SMA1_3", 6000.004, -3194.605, "B", "SMD", "$1N852", "", "R", 188.976, 47.244, 0, 0, 0],
		[24, "SMA1_4", 6000.004, -3395.395, "B", "SMD", "NET_3", "", "R", 188.976, 47.244, 0, 0, 0],
		[25, "SMA1_5", 6000.004, -3294.995, "T", "SMD", "$1N846", "", "R", 188.976, 47.244, 0, 0, 0],
		[26, "U2_1", 5819.645, -3025.315, "T", "SMD", "NET_4", "", "R", 66.929, 39.37, 0, 0, 90],
		[27, "U2_2", 5769.645, -3025.315, "T", "SMD", "NET_5", "", "R", 66.929, 39.37, 0, 0, 90],
		[28, "U2_3", 5719.645, -3025.315, "T", "SMD", "NET_6", "", "R", 66.929, 39.37, 0, 0, 90],
		[29, "U2_4", 5500.355, -3025.315, "T", "SMD", "NET_7", "", "R", 66.929, 39.37, 0, 0, 90],
		[30, "U2_5", 5450.355, -3025.315, "T", "SMD", "NET_8", "", "R", 66.929, 39.37, 0, 0, 90],
		[31, "U2_6", 5400.355, -3025.315, "T", "SMD", "NET_9", "", "R", 66.929, 39.37, 0, 0, 90],
		[32, "U2_7", 5350.355, -3025.315, "T", "SMD", "NET_10", "", "R", 66.929, 39.37, 0, 0, 90],
		[33, "U2_8", 5300.355, -3025.315, "T", "SMD", "NET_11", "", "R", 66.929, 39.37, 0, 0, 90],
		[34, "U2_9", 5250.355, -3025.315, "T", "SMD", "3V3", "", "R", 66.929, 39.37, 0, 0, 90],
		[35, "U2_10", 5200.355, -3025.315, "T", "SMD", "NET_12", "", "R", 66.929, 39.37, 0, 0, 90],
		[36, "U2_11", 5150.355, -3025.315, "T", "SMD", "NET_13", "", "R", 66.929, 39.37, 0, 0, 90],
		[37, "U2_12", 5150.355, -3564.685, "T", "SMD", "GND", "GND", "R", 66.929, 39.37, 0, 0, 90],
		[38, "U2_13", 5200.355, -3564.685, "T", "SMD", "NET_14", "", "R", 66.929, 39.37, 0, 0, 90],
		[39, "U2_14", 5250.355, -3564.685, "T", "SMD", "GDO2", "", "R", 66.929, 39.37, 0, 0, 90],
		[40, "U2_15", 5300.355, -3564.685, "T", "SMD", "GDO0", "", "R", 66.929, 39.37, 0, 0, 90],
		[41, "U2_16", 5350.355, -3564.685, "T", "SMD", "MISO", "", "R", 66.929, 39.37, 0, 0, 90],
		[42, "U2_17", 5400.355, -3564.685, "T", "SMD", "MOSI", "", "R", 66.929, 39.37, 0, 0, 90],
		[43, "U2_18", 5450.355, -3564.685, "T", "SMD", "SCLK", "", "R", 66.929, 39.37, 0, 0, 90],
		[44, "U2_19", 5500.355, -3564.685, "T", "SMD", "CSN", "", "R", 66.929, 39.37, 0, 0, 90],
		[45, "U2_20", 5719.645, -3564.685, "T", "SMD", "NET_15", "", "R", 66.929, 39.37, 0, 0, 90],
		[46, "U2_21", 5769.645, -3564.685, "T", "SMD", "$1N846", "", "R", 66.929, 39.37, 0, 0, 90],
		[47, "U2_22", 5819.645, -3564.685, "T", "SMD", "$1N852", "", "R", 66.929, 39.37, 0, 0, 90],
		[48, "PAD1_1", 4842.7342, -3183.1876, "T", "SMD", "GND", "GND", "R", 52.1653, 106.2992, 0, 0, 0],
		[49, "PAD2_2", 4965.7656, -3183.1876, "T", "SMD", "3V3", "", "R", 52.1653, 106.2992, 0, 0, 0],
		[50, "PAD3_1", 4843.4843, -3445, "T", "SMD", "GND", "GND", "R", 52.1653, 106.2992, 0, 0, 0],
		[51, "PAD4_2", 4966.5157, -3445, "T", "SMD", "3V3", "", "R", 52.1653, 106.2992, 0, 0, 0],
		[52, "PAD5_1", 4710, -2955, "T", "DIP", "GND", "GND", "R", 59.055, 59.055, 39.37, 39.37, 270],
		[53, "PAD5_1", 4710, -2955, "B", "DIP", "GND", "GND", "R", 59.055, 59.055, 39.37, 39.37, 270],
		[54, "PAD6_2", 4710, -3055, "T", "DIP", "3V3", "", "C", 59.055, 59.055, 39.37, 39.37, 270],
		[55, "PAD6_2", 4710, -3055, "B", "DIP", "3V3", "", "C", 59.055, 59.055, 39.37, 39.37, 270],
		[56, "PAD7_3", 4710, -3155, "T", "DIP", "MOSI", "", "C", 59.055, 59.055, 39.37, 39.37, 270],
		[57, "PAD7_3", 4710, -3155, "B", "DIP", "MOSI", "", "C", 59.055, 59.055, 39.37, 39.37, 270],
		[58, "PAD8_4", 4710, -3255, "T", "DIP", "SCLK", "", "C", 59.055, 59.055, 39.37, 39.37, 270],
		[59, "PAD8_4", 4710, -3255, "B", "DIP", "SCLK", "", "C", 59.055, 59.055, 39.37, 39.37, 270],
		[60, "PAD9_5", 4710, -3355, "T", "DIP", "MISO", "", "C", 59.055, 59.055, 39.37, 39.37, 270],
		[61, "PAD9_5", 4710, -3355, "B", "DIP", "MISO", "", "C", 59.055, 59.055, 39.37, 39.37, 270],
		[62, "PAD10_6", 4710, -3455, "T", "DIP", "CSN", "", "C", 59.055, 59.055, 39.37, 39.37, 270],
		[63, "PAD10_6", 4710, -3455, "B", "DIP", "CSN", "", "C", 59.055, 59.055, 39.37, 39.37, 270],
		[64, "PAD11_7", 4710, -3555, "T", "DIP", "GDO0", "", "C", 59.055, 59.055, 39.37, 39.37, 270],
		[65, "PAD11_7", 4710, -3555, "B", "DIP", "GDO0", "", "C", 59.055, 59.055, 39.37, 39.37, 270],
		[66, "PAD12_8", 4710, -3655, "T", "DIP", "GDO2", "", "C", 59.055, 59.055, 39.37, 39.37, 270],
		[67, "PAD12_8", 4710, -3655, "B", "DIP", "GDO2", "", "C", 59.055, 59.055, 39.37, 39.37, 270],
		[68, "PAD13_3", 6000.004, -3194.605, "B", "SMD", "$1N852", "", "R", 188.976, 47.244, 0, 0, 0],
		[69, "PAD14_5", 6000.004, -3294.995, "T", "SMD", "$1N846", "", "R", 188.976, 47.244, 0, 0, 0],
		[70, "PAD15_9", 5250.355, -3025.315, "T", "SMD", "3V3", "", "R", 66.929, 39.37, 0, 0, 90],
		[71, "PAD16_12", 5150.355, -3564.685, "T", "SMD", "GND", "GND", "R", 66.929, 39.37, 0, 0, 90],
		[72, "PAD17_14", 5250.355, -3564.685, "T", "SMD", "GDO2", "", "R", 66.929, 39.37, 0, 0, 90],
		[73, "PAD18_15", 5300.355, -3564.685, "T", "SMD", "GDO0", "", "R", 66.929, 39.37, 0, 0, 90],
		[74, "PAD19_16", 5350.355, -3564.685, "T", "SMD", "MISO", "", "R", 66.929, 39.37, 0, 0, 90],
		[75, "PAD20_17", 5400.355, -3564.685, "T", "SMD", "MOSI", "", "R", 66.929, 39.37, 0, 0, 90],
		[76, "PAD21_18", 5450.355, -3564.685, "T", "SMD", "SCLK", "", "R", 66.929, 39.37, 0, 0, 90],
		[77, "PAD22_19", 5500.355, -3564.685, "T", "SMD", "CSN", "", "R", 66.929, 39.37, 0, 0, 90],
		[78, "PAD23_21", 5769.645, -3564.685, "T", "SMD", "$1N846", "", "R", 66.929, 39.37, 0, 0, 90],
		[79, "PAD24_22", 5819.645, -3564.685, "T", "SMD", "$1N852", "", "R", 66.929, 39.37, 0, 0, 90]
	]
}
}